olá；你好；interj.；Olá, como estás?；
bom dia；早上好；loc. interj.；Bom dia, tudo bem?；
boa tarde；下午好；loc. interj.；Boa tarde, posso ajudar?；
boa noite；晚安；loc. interj.；Boa noite, durma bem.；
adeus；再見；interj.；Adeus, até amanhã!；
até logo；回頭見；loc. interj.；Até logo, foi um prazer.；
tchau；拜拜；interj.；Tchau, vemo-nos depois.；
como está？；你好嗎？；loc.；Como está hoje?；
bem；好；adv.；Estou bem, obrigado.；
mal；不好；adv.；Sinto-me mal hoje.；
obrigado；謝謝(男)；interj.；Obrigado pela ajuda.；
obrigada；謝謝(女)；interj.；Obrigada pelo presente.；
de nada；不客氣；loc. adv.；De nada, disponha sempre.；
desculpe；對不起；interj.；Desculpe, não ouvi bem.；
com licença；不好意思；loc. interj.；Com licença, posso passar?；
sim；是；adv.；Sim, quero ir.；
não；不；adv.；Não, não posso hoje.；
talvez；也許；adv.；Talvez chova amanhã.；
por favor；請；loc. adv.；Um café, por favor.；
zero；零；num.；Zero graus hoje.；
um；一；num.；Tenho um irmão.；
dois；二；num.；Dois cafés, por favor.；
três；三；num.；Três maçãs verdes.；
quatro；四；num.；Quatro cadeiras na sala.；
cinco；五；num.；Cinco dedos na mão.；
seis；六；num.；São seis horas.；
sete；七；num.；Sete dias na semana.；
oito；八；num.；Oito alunos na turma.；
nove；九；num.；Nove meses para o bebé.；
dez；十；num.；Dez euros, por favor.；
onze；十一；num.；Onze jogadores no campo.；
doze；十二；num.；Doze ovos na caixa.；
treze；十三；num.；Treze andares no prédio.；
catorze；十四；num.；Catorze dias de férias.；
quinze；十五；num.；Quinze minutos de espera.；
dezasseis；十六；num.；Dezasseis anos de idade.；
dezassete；十七；num.；Dezassete livros na estante.；
dezoito；十八；num.；Dezoito alunos na sala.；
dezanove；十九；num.；Dezanove euros no bolso.；
vinte；二十；num.；Vinte pessoas na festa.；
vinte e um；二十一；num.；Vinte e um dias de viagem.；
vinte e dois；二十二；num.；Vinte e dois graus hoje.；
trinta；三十；num.；Trinta dias no mês.；
quarenta；四十；num.；Quarenta minutos de caminhada.；
cinquenta；五十；num.；Cinquenta anos de casamento.；
sessenta；六十；num.；Sessenta segundos num minuto.；
setenta；七十；num.；Setenta euros de desconto.；
oitenta；八十；num.；Oitenta páginas no livro.；
noventa；九十；num.；Noventa anos de idade.；
cem；一百；num.；Cem pessoas no concerto.；
cento e um；一百零一；num.；Cento e um dálmatas.；
duzentos；二百；num.；Duzentos euros pelo bilhete.；
trezentos；三百；num.；Trezentos gramas de arroz.；
mil；一千；num.；Mil obrigados não chegam.；
primeiro；第一；num.；O primeiro dia de aulas.；
segundo；第二；num.；O segundo andar do prédio.；
terceiro；第三；num.；O terceiro lugar no pódio.；
último；最後；adj.；O último autocarro da noite.；
vermelho；紅色；adj.；O carro vermelho é bonito.；
azul；藍色；adj.；O céu azul está lindo.；
verde；綠色；adj.；A relva verde no jardim.；
amarelo；黃色；adj.；O sol amarelo brilha.；
branco；白色；adj.；A neve branca caiu.；
preto；黑色；adj.；O gato preto dorme.；
cinzento；灰色；adj.；O céu cinzento de inverno.；
castanho；棕色；adj.；Os olhos castanhos dele.；
laranja；橙色；adj. 2g.；A laranja fruta é doce.；
roxo；紫色；adj.；O vestido roxo é lindo.；
rosa；粉紅色；adj. 2g.；As flores rosas no jardim.；
claro；淺色；adj.；O azul claro é bonito.；
escuro；深色；adj.；O verde escuro da floresta.；
segunda-feira；星期一；s. f.；Segunda-feira é dia de trabalho.；
terça-feira；星期二；s. f.；Terça-feira tenho consulta.；
quarta-feira；星期三；s. f.；Quarta-feira choveu muito.；
quinta-feira；星期四；s. f.；Quinta-feira vou ao mercado.；
sexta-feira；星期五；s. f.；Sexta-feira é dia de festa.；
sábado；星期六；s. m.；Sábado vou à praia.；
domingo；星期日；s. m.；Domingo é dia de descanso.；
hoje；今天；adv.；Hoje está muito calor.；
amanhã；明天；adv.；Amanhã tenho reunião.；
ontem；昨天；adv.；Ontem fui ao cinema.；
dia；天；s. m.；O dia está bonito.；
semana；週；s. f.；Uma semana tem sete dias.；
mês；月；s. m.；Este mês choveu muito.；
ano；年；s. m.；O ano tem doze meses.；
Janeiro；一月；s. m.；Janeiro é frio em Portugal.；
Fevereiro；二月；s. m.；Fevereiro tem Carnaval.；
Março；三月；s. m.；Março começa a primavera.；
Abril；四月；s. m.；Abril tem feriados.；
Maio；五月；s. m.；Maio tem flores lindas.；
Junho；六月；s. m.；Junho começa o verão.；
Julho；七月；s. m.；Julho vou de férias.；
Agosto；八月；s. m.；Agosto está muito quente.；
Setembro；九月；s. m.；Setembro começa o outono.；
Outubro；十月；s. m.；Outubro as folhas caem.；
Novembro；十一月；s. m.；Novembro está frio.；
Dezembro；十二月；s. m.；Dezembro é Natal.；
primavera；春天；s. f.；A primavera tem flores.；
verão；夏天；s. m.；O verão é muito quente.；
outono；秋天；s. m.；O outono as folhas são castanhas.；
inverno；冬天；s. m.；O inverno está muito frio.；
ser；是；v. i.；Eu sou português.；
estar；在/是(狀態)；v. i.；Estou cansado hoje.；
ter；有；v. t.；Tenho vinte anos.；
haver；有(存在)；v. t.；Há muitos livros aqui.；
fazer；做/做；v. t.；Faço o trabalho de casa.；
ir；去；v. i.；Vou à escola todos os dias.；ir a
vir；來；v. i.；Vens à festa hoje?；vir a
poder；可以；v. t.；Podes abrir a janela?；
querer；想要；v. t.；Quero um café, por favor.；
saber；知道；v. t.；Sabes falar português?；
ver；看見；v. t.；Vejo o mar da janela.；
dizer；說；v. t.；Dizes a verdade sempre.；
dar；給；v. t.；Dou um presente ao meu amigo.；dar a
ficar；留下/變得；v. i.；Fico em casa hoje.；
comer；吃；v. t.；Como sopa ao almoço.；
beber；喝；v. t.；Bebo água todos os dias.；
dormir；睡覺；v. i.；Durmo oito horas por noite.；
acordar；醒來；v. t. / v. i.；Acordo às sete horas.；
levantar；起身；v. t.；Levanto-me cedo.；levantar-se
tomar；拿/喝；v. t.；Tomo o pequeno-almoço.；
estudar；學習；v. t.；Estudo português todos os dias.；
aprender；學會；v. t.；Aprendo palavras novas.；
ensinar；教；v. t.；Ensino português ao meu amigo.；
falar；說；v. i.；Falo português e inglês.；falar de/sobre
perguntar；問；v. t.；Pergunto a hora ao professor.；perguntar a
responder；回答；v. t.；Respondo à pergunta.；responder a
ler；閱讀；v. t.；Leio um livro interessante.；
escrever；寫；v. t.；Escrevo uma carta à minha mãe.；
ouvir；聽；v. t.；Ouço música todos os dias.；
escutar；聆聽；v. t.；Escuto o professor com atenção.；
comprar；買；v. t.；Compro pão na padaria.；
vender；賣；v. t.；Vendo o meu carro velho.；
pagar；付錢；v. t.；Pago o café.；pagar por
custar；價值；v. i.；Quanto custa este livro?；
abrir；打開；v. t.；Abro a janela de manhã.；
fechar；關閉；v. t.；Fecho a porta à noite.；
entrar；進入；v. i.；Entro na sala de aula.；entrar em
sair；出去；v. i.；Saio de casa às oito.；sair de
subir；上去；v. i.；Subo as escadas devagar.；
descer；下去；v. i.；Desço as escadas depressa.；
levar；帶走；v. t.；Levo o guarda-chuva.；
trazer；帶來；v. t.；Trago um bolo para a festa.；trazer a/para
pôr；放置；v. t.；Ponho o livro na mesa.；
tirar；取下；v. t.；Tiro o casaco porque está calor.；
deixar；留下/讓；v. t.；Deixo o livro na biblioteca.；
precisar；需要；v. i.；Preciso de ajuda.；precisar de
gostar；喜歡；v. i.；Gosto muito de chocolate.；gostar de
adorar；喜愛；v. t.；Adoro viajar.；
odiar；討厭；v. t.；Odiava acordar cedo.；
preferir；偏好；v. t.；Prefiro chá a café.；
conhecer；認識；v. t.；Conheço o João há anos.；
saber；知道；v. t.；Sei onde fica a biblioteca.；
pensar；思考/認為；v. t.；Penso que tens razão.；pensar em
achar；認為/找；v. t.；Acho que sim.；
olhar；看；v. i.；Olho para o quadro.；olhar para
mostrar；展示；v. t.；Mostro as fotografias.；mostrar a
chamar；叫；v. t.；Chamo-me Ana.；chamar-se
morar；居住；v. i.；Moro em Lisboa.；morar em
viver；生活；v. i.；Vivo em Portugal há anos.；
trabalhar；工作；v. i.；Trabalho num escritório.；trabalhar em
andar；走路/處於；v. i.；Ando a pé para a escola.；
correr；跑步；v. i.；Corro no parque todos os dias.；
caminhar；散步；v. i.；Caminho na praia.；
nadar；游泳；v. i.；Nado na piscina.；
jogar；玩/打球；v. t.；Jogo futebol ao sábado.；jogar a
cozinhar；做飯；v. t.；Cozinho o jantar.；
lavar；洗；v. t.；Lavo a loiça depois do jantar.；
limpar；清潔；v. t.；Limpo o quarto ao sábado.；
arrumar；整理；v. t.；Arrumo o quarto todos os dias.；
vestir；穿；v. t.；Visto o casaco.；vestir-se
calçar；穿鞋；v. t.；Calço os sapatos.；
sentar；坐下；v. r.；Sento-me no sofá.；sentar-se
deitar；躺下；v. r.；Deito-me às dez horas.；deitar-se
começar；開始；v. t.；Começo o trabalho às nove.；começar a
acabar；結束；v. t.；Acabo o trabalho às cinco.；
terminar；終止；v. t.；Termino as aulas em junho.；
esperar；等待/希望；v. t.；Espero o autocarro.；esperar por
encontrar；遇見/找到；v. t.；Encontro os amigos no café.；
procurar；尋找；v. t.；Procuro a chave.；procurar por
ajudar；幫助；v. t.；Ajudo a minha mãe em casa.；ajudar a
mudar；改變/搬家；v. t.；Mudo de casa em setembro.；mudar de
tocar；觸摸/演奏；v. t.；Toco guitarra.；
cantar；唱歌；v. t.；Canto no chuveiro.；
dançar；跳舞；v. i.；Danço na festa.；
viajar；旅行；v. i.；Viajo no verão.；
descansar；休息；v. i.；Descanso ao domingo.；
voltar；回來；v. i.；Volto para casa às seis.；voltar a/para
passar；通過/度過；v. t.；Passo as férias na praia.；
visitar；拜訪/參觀；v. t.；Visito a avó ao sábado.；
receber；收到；v. t.；Recebo uma carta.；
mandar；命令/送；v. t.；Mando um e-mail.；
tentar；嘗試；v. t.；Tento aprender português.；
conseguir；能夠；v. t.；Consigo falar português.；
perder；失去/錯過；v. t.；Perco o autocarro.；
ganhar；贏/賺；v. t.；Ganho o jogo.；
guardar；保存；v. t.；Guardo o dinheiro no banco.；
esquecer；忘記；v. t.；Esqueço o nome dele.；esquecer-se de
lembrar；記得；v. t.；Lembro-me do teu aniversário.；lembrar-se de
sentir；感覺；v. t.；Sinto frio.；
chorar；哭泣；v. i.；A criança chora.；
rir；笑；v. i.；Rimos muito na festa.；
sorrir；微笑；v. i.；Ela sorri para mim.；sorrir para
grande；大的；adj. 2g.；A casa é grande.；
pequeno；小的；adj.；O gato é pequeno.；
alto；高的；adj.；O prédio é muito alto.；
baixo；矮的；adj.；A mesa é baixa.；
longo；長的；adj.；O caminho é longo.；
curto；短的；adj.；O cabelo é curto.；
largo；寬的；adj.；A rua é larga.；
estreito；窄的；adj.；O corredor é estreito.；
novo；新的；adj.；O carro é novo.；
velho；舊的/老的；adj.；A casa é velha.；
jovem；年輕的；adj. 2g.；Ela é jovem.；
bom；好的；adj.；O filme é bom.；
mau；壞的；adj.；O tempo está mau.；
bonito；漂亮的；adj.；A praia é bonita.；
feio；醜的；adj.；O desenho é feio.；
caro；貴的；adj.；O carro é caro.；
barato；便宜的；adj.；A camisola está barata.；
fácil；容易的；adj. 2g.；O exame é fácil.；
difícil；困難的；adj. 2g.；A lição é difícil.；
rápido；快的；adj.；O comboio é rápido.；
lento；慢的；adj.；O trânsito está lento.；
quente；熱的；adj. 2g.；A sopa está quente.；
frio；冷的；adj.；O gelado está frio.；
limpo；乾淨的；adj.；O quarto está limpo.；
sujo；髒的；adj.；A roupa está suja.；
leve；輕的；adj. 2g.；A mala é leve.；
pesado；重的；adj.；O saco está pesado.；
cheio；滿的；adj.；O copo está cheio.；
vazio；空的；adj.；A garrafa está vazia.；
aberto；開著的；adj.；A loja está aberta.；
fechado；關著的；adj.；O banco está fechado.；
claro；明亮的/淺色的；adj.；O quarto é claro.；
escuro；暗的/深色的；adj.；O quarto está escuro.；
seco；乾的；adj.；A toalha está seca.；
molhado；濕的；adj.；A roupa está molhada.；
doce；甜的；adj. 2g.；O bolo está doce.；
salgado；鹹的；adj.；A sopa está salgada.；
amargo；苦的；adj.；O café está amargo.；
azedo；酸的；adj.；O limão está azedo.；
fresco；新鮮的；adj.；O peixe está fresco.；
estragado；壞掉的；adj.；O leite está estragado.；
gratuito；免費的；adj.；A entrada é gratuita.；
importante；重要的；adj. 2g.；Este exame é importante.；
necessário；必要的；adj.；É necessário estudar.；
possível；可能的；adj. 2g.；É possível ir a pé.；
impossível；不可能的；adj. 2g.；É impossível chegar a tempo.；
certo；正確的；adj.；A resposta está certa.；
errado；錯誤的；adj.；A conta está errada.；
verdadeiro；真實的；adj.；A história é verdadeira.；
falso；假的；adj.；O documento é falso.；
feliz；快樂的；adj. 2g.；Estou feliz hoje.；
triste；悲傷的；adj. 2g.；Ela está triste.；
cansado；疲憊的；adj.；Estou cansado do trabalho.；
doente；生病的；adj. 2g.；O menino está doente.；
saudável；健康的；adj. 2g.；A comida é saudável.；
ocupado；忙碌的；adj.；Estou ocupado hoje.；
livre；空閒的；adj.；Estou livre ao sábado.；
pronto；準備好的；adj.；O jantar está pronto.；
calmo；平靜的；adj.；O mar está calmo.；
nervoso；緊張的；adj.；Estou nervoso para o exame.；
contento；高興的；adj.；Está contente com o presente.；
cansativo；累人的；adj.；O trabalho é cansativo.；
perigoso；危險的；adj.；A estrada é perigosa.；
seguro；安全的；adj.；Este bairro é seguro.；
simpático；友善的；adj.；O professor é simpático.；
antipático；不友善的；adj.；O vizinho é antipático.；
inteligente；聰明的；adj. 2g.；O aluno é inteligente.；
burro；笨的；adj.；Não é burro, precisa estudar.；
pobre；貧窮的；adj. 2g.；A família é pobre.；
rico；富有的；adj.；Ele é muito rico.；
forte；強壯的；adj. 2g.；O homem é forte.；
fraco；虛弱的；adj.；Estou fraco hoje.；
gordo；胖的；adj.；O gato está gordo.；
magro；瘦的；adj.；Ela é magra.；
suave；柔軟的/溫和的；adj. 2g.；O tecido é suave.；
áspero；粗糙的；adj.；A lixa é áspera.；
liso；光滑的/直的；adj.；O cabelo é liso.；
encaracolado；捲曲的；adj.；O cabelo é encaracolado.；
redondo；圓的；adj.；A mesa é redonda.；
quadrado；方的；adj.；A caixa é quadrada.；
triangular；三角形的；adj. 2g.；O telhado é triangular.；
rectangular；長方形的；adj. 2g.；A sala é rectangular.；
estreito；窄的；adj.；A ponte é estreita.；
fundo；深的；adj.；A piscina é funda.；
eu；我；pron.；Eu gosto de música.；
tu；你；pron.；Tu és meu amigo.；
você；您；pron.；Você pode ajudar-me?；
ele；他；pron.；Ele é professor.；
ela；她；pron.；Ela é médica.；
nós；我們；pron.；Nós vamos ao cinema.；
vocês；你們；pron.；Vocês falam português?；
eles；他們；pron.；Eles são alunos.；
elas；她們；pron.；Elas são amigas.；
meu；我的；pron.；O meu livro está aqui.；
minha；我的(陰)；pron.；A minha casa é pequena.；
teu；你的；pron.；O teu carro é azul.；
tua；你的(陰)；pron.；A tua mochila está ali.；
seu；您的/他的；pron.；O seu caderno está na mesa.；
sua；您的/她的(陰)；pron.；A sua caneta é azul.；
nosso；我們的；pron.；O nosso professor é bom.；
nossa；我們的(陰)；pron.；A nossa escola é grande.；
vosso；你們的；pron.；O vosso cão é bonito.；
vossa；你們的(陰)；pron.；A vossa casa é bonita.；
deles；他們的；pron.；O carro deles é novo.；
delas；她們的；pron.；A casa delas é amarela.；
este；這個；pron.；Este livro é meu.；
esta；這個(陰)；pron.；Esta caneta é azul.；
isto；這個(中性)；pron.；Isto é o quê?；
esse；那個(近你)；pron.；Esse carro é bonito.；
essa；那個(近你)(陰)；pron.；Essa mochila é tua.；
isso；那個(中性)；pron.；Isso é verdade.；
aquele；那個(遠)；pron.；Aquele prédio é alto.；
aquela；那個(遠)(陰)；pron.；Aquela casa é velha.；
aquilo；那個(遠中性)；pron.；Aquilo é uma igreja.；
quem？；誰？；pron.；Quem é ela?；
o quê？；什麼？；pron.；O que queres comer?；
qual？；哪個？；pron.；Qual é o teu nome?；
quando？；何時？；adv.；Quando vens à festa?；
onde？；哪裡？；adv.；Onde fica a escola?；
como？；如何？；adv.；Como se diz isto?；
porquê？；為什麼？；adv.；Porque não vens?；
quanto？；多少？；pron.；Quanto custa isto?；
quantos？；多少(複數)？；pron.；Quantos anos tens?；
a；到/在；prep.；Vou a Lisboa.；
de；的/從；prep.；Sou de Portugal.；
em；在(裡面)；prep.；Estou em casa.；
para；為了/往；prep.；Isto é para ti.；
por；因為/經由；prep.；Passo por tua casa.；
com；和/帶；prep.；Vou com o meu irmão.；
sem；沒有；prep.；Café sem açúcar, por favor.；
até；直到；prep.；Trabalho até às cinco.；
entre；之間；prep.；Entre a escola e o banco.；
sobre；關於/在之上；prep.；O livro está sobre a mesa.；
após；之後；prep.；Após o jantar, vou dormir.；
antes；之前；prep.；Antes do almoço, estudo.；
depois；之後；adv.；Depois da aula, vou a casa.；
durante；在…期間；prep.；Durante a aula, não falo.；
perto；靠近；adv.；Moro perto da escola.；perto de
longe；遠；adv.；A praia fica longe.；longe de
dentro；裡面；adv.；O gato está dentro de casa.；dentro de
fora；外面；adv.；Estou fora de casa.；fora de
cima；上面；adv.；O livro está em cima da mesa.；em cima de
baixo；下面；adv.；O tapete está por baixo da mesa.；por baixo de
ao lado；旁邊；loc. adv.；Moro ao lado da escola.；ao lado de
à frente；前面；loc. adv.；A escola fica à frente do banco.；à frente de
atrás；後面；adv.；O jardim fica atrás da casa.；atrás de
em frente；對面；loc. adv.；O café fica em frente do cinema.；em frente de
direita；右邊；s. f.；Vira à direita.；à direita de
esquerda；左邊；s. f.；O banco fica à esquerda.；à esquerda de
aqui；這裡；adv.；Aqui está o teu livro.；
aí；那裡(近你)；adv.；Aí está a tua mochila.；
ali；那裡(遠)；adv.；Ali fica o supermercado.；
lá；那裡(更遠)；adv.；Lá longe vejo o mar.；
cá；這裡(近我)；adv.；Vem cá, por favor.；
muito；非常/很多；adv.；Gosto muito de ti.；
pouco；少；adv.；Falo pouco português.；
mais；更多；adv.；Quero mais arroz.；
menos；更少；adv.；Custa menos de cinco euros.；
já；已經；adv.；Já comi.；
ainda；仍然/還；adv.；Ainda não comi.；
nunca；從不；adv.；Nunca como carne.；
sempre；總是；adv.；Sempre bebo água.；
também；也；adv.；Eu também gosto de música.；
tampouco；也不；adv.；Também não gosto.；
agora；現在；adv.；Agora tenho de ir.；
depressa；快地；adv.；Anda depressa!；
devagar；慢地；adv.；Fala devagar, por favor.；
bem；好地；adv.；Falo bem português.；
mal；壞地/差；adv.；Dormi mal esta noite.；
sim；是；adv.；Sim, quero ir.；
não；不/不是；adv.；Não, não posso.；
talvez；也許；adv.；Talvez chova.；
e；和；conj.；Pão e manteiga.；
ou；或；conj.；Café ou chá?；
mas；但是；conj.；Quero ir mas não posso.；
porque；因為；conj.；Fico em casa porque chove.；
se；如果；conj.；Se quiseres, vamos.；
quando；當…時；conj.；Quando chegar, ligo-te.；
embora；雖然；conj.；Embora chova, vou sair.；
enquanto；當/同時；conj.；Enquanto como, leio.；
que；那(連詞)；conj.；Sei que vais gostar.；
como；如同；conj.；Como não estudou, reprovou.；
o；定冠詞(陽)；art.；O menino brinca.；
a；定冠詞(陰)；art.；A menina estuda.；
os；定冠詞(陽複)；art.；Os alunos aprendem.；
as；定冠詞(陰複)；art.；As meninas dançam.；
um；不定冠詞(陽)；art.；Um cão ladra.；
uma；不定冠詞(陰)；art.；Uma gata dorme.；
uns；不定冠詞(陽複)；art.；Uns livros na mesa.；
umas；不定冠詞(陰複)；art.；Umas cadeiras na sala.；
pai；父親；s. m.；O meu pai é engenheiro.；
mãe；母親；s. f.；A minha mãe é professora.；
irmão；兄弟；s. m.；Tenho um irmão mais velho.；
irmã；姐妹；s. f.；A minha irmã estuda medicina.；
filho；兒子；s. m.；O filho deles tem cinco anos.；
filha；女兒；s. f.；A filha deles é bebé.；
avô；祖父；s. m.；O meu avô tem 80 anos.；
avó；祖母；s. f.；A minha avó cozinha muito bem.；
neto；孫子；s. m.；O neto visita a avó.；
neta；孫女；s. f.；A neta adora a avó.；
tio；叔叔/舅舅；s. m.；O meu tio mora em França.；
tia；阿姨/舅媽；s. f.；A minha tia é médica.；
primo；表兄/堂兄；s. m.；O meu primo joga futebol.；
prima；表姐/堂姐；s. f.；A minha prima canta bem.；
marido；丈夫；s. m.；O marido dela é português.；
mulher；妻子/女人；s. f.；A mulher dele é brasileira.；
namorado；男朋友；s. m.；O meu namorado é simpático.；
namorada；女朋友；s. f.；A namorada dele é bonita.；
bebé；嬰兒；s. m.；O bebé dorme no berço.；
criança；孩子；s. 2g.；A criança brinca no parque.；
rapaz；男孩；s. m.；O rapaz estuda muito.；
rapariga；女孩；s. f.；A rapariga é inteligente.；
homem；男人；s. m.；O homem trabalha no banco.；
senhor；先生；s. m.；O senhor quer mais café?；
senhora；女士；s. f.；A senhora espera o autocarro.；
pessoa；人；s. f.；Aquela pessoa é simpática.；
nome；名字；s. m.；O meu nome é Ana.；
apelido；姓氏；s. m.；Qual é o teu apelido?；
morada；地址；s. f.；A morada é Rua Principal.；
número；號碼/數字；s. m.；Qual é o teu número de telefone?；
telefone；電話；s. m.；O telefone toca.；
telemóvel；手機；s. m.；O telemóvel está sem bateria.；
cabeça；頭；s. f.；A minha cabeça dói.；
cabelo；頭髮；s. m.；O cabelo dela é castanho.；
olho；眼睛；s. m.；Tenho olhos verdes.；
orelha；耳朵；s. f.；As orelhas do cão são grandes.；
nariz；鼻子；s. m.；O nariz dele é comprido.；
boca；嘴巴；s. f.；A boca serve para comer.；
dente；牙齒；s. m.；Lavo os dentes todos os dias.；
língua；舌頭/語言；s. f.；A língua portuguesa é bonita.；
queixo；下巴；s. m.；O queixo dele é largo.；
pescoço；脖子；s. m.；O pescoço dói-me.；
ombro；肩膀；s. m.；Os ombros estão cansados.；
braço；手臂；s. m.；O braço direito está dorido.；
mão；手；s. f.；Lavo as mãos antes de comer.；
dedo；手指；s. m.；Tenho cinco dedos na mão.；
peito；胸口；s. m.；O peito dele é forte.；
barriga；肚子；s. f.；A barriga está cheia.；
costas；背部；s. f. pl.；As costas doem.；
perna；腿；s. f.；A perna está dorida.；
joelho；膝蓋；s. m.；O joelho dói a correr.；
pé；腳；s. m.；O pé está gelado.；
dedo do pé；腳趾；s. m.；Bati com o dedo do pé.；
coração；心臟；s. m.；O coração bate rápido.；
sangue；血；s. f.；O sangue é vermelho.；
pele；皮膚；s. f.；A pele dela é macia.；
osso；骨頭；s. m.；Partiu um osso.；
comida；食物；s. f.；A comida está boa.；
água；水；s. f.；Quero um copo de água.；
pão；麵包；s. m.；O pão está fresco.；
manteiga；奶油；s. f.；Pão com manteiga ao pequeno-almoço.；
queijo；起司；s. m.；O queijo é português.；
leite；牛奶；s. m.；Bebo leite ao pequeno-almoço.；
iogurte；優格；s. m.；O iogurte é de morango.；
ovo；蛋；s. m.；O ovo está cozido.；
carne；肉；s. f.；Não como carne vermelha.；
frango；雞肉；s. m.；O frango assado é bom.；
peixe；魚；s. m.；O peixe está fresco.；
arroz；米飯；s. m.；Arroz com feijão é bom.；
massa；麵條；s. f.；Gosto de massa com queijo.；
sopa；湯；s. f.；A sopa está quente.；
salada；沙拉；s. f.；A salada é saudável.；
fruta；水果；s. f.；A fruta está madura.；
maçã；蘋果；s. f.；A maçã é vermelha.；
banana；香蕉；s. f.；A banana é amarela.；
laranja；橙；s. f.；A laranja tem vitamina C.；
limão；檸檬；s. m.；O limão é azedo.；
morango；草莓；s. m.；O morango é doce.；
uva；葡萄；s. f.；As uvas são doces.；
pêra；梨；s. f.；A pêra está madura.；
melancia；西瓜；s. f.；A melancia está fresca.；
melão；甜瓜；s. m.；O melão está doce.；
ananás；鳳梨；s. m.；O ananás é tropical.；
manga；芒果；s. f.；A manga é doce.；
pêssego；桃子；s. m.；O pêssego está maduro.；
cereja；櫻桃；s. f.；As cerejas são deliciosas.；
legume；蔬菜；s. m.；Os legumes são saudáveis.；
cenoura；胡蘿蔔；s. f.；A cenoura é laranja.；
batata；馬鈴薯；s. f.；A batata está quente.；
tomate；番茄；s. m.；O tomate é vermelho.；
alface；生菜；s. f.；A alface está fresca.；
cebola；洋蔥；s. f.；A cebola faz chorar.；
alho；大蒜；s. m.；O alho dá sabor à comida.；
feijão；豆子；s. m.；O feijão é português.；
ervilha；豌豆；s. f.；As ervilhas são verdes.；
milho；玉米；s. m.；O milho é amarelo.；
cogumelo；蘑菇；s. m.；Os cogumelos na salada.；
açúcar；糖；s. m.；Café com açúcar, por favor.；
sal；鹽；s. m.；A sopa precisa de sal.；
azeite；橄欖油；s. m.；O azeite português é bom.；
vinagre；醋；s. m.；O vinagre é azedo.；
pimenta；胡椒；s. f.；A pimenta é picante.；
açorda；麵包粥；s. f.；A açorda é um prato português.；
caldo verde；綠葉湯；s. m.；O caldo verde é típico português.；
bacalhau；鱈魚；s. m.；O bacalhau é o prato português.；
pastel de nata；葡式蛋撻；s. m.；O pastel de nata é doce.；
bolo；蛋糕；s. m.；O bolo de aniversário está bonito.；
gelado；冰淇淋；s. m.；O gelado de morango é bom.；
chocolate；巧克力；s. m.；Adoro chocolate preto.；
bolacha；餅乾；s. f.；A bolacha está estaladiça.；
sandes；三明治；s. f.；A sandes de queijo é boa.；
café；咖啡；s. m.；Quer um café?；
chá；茶；s. m.；O chá está quente.；
sumo；果汁；s. m.；O sumo de laranja é natural.；
cerveja；啤酒；s. f.；A cerveja está fresca.；
vinho；葡萄酒；s. m.；O vinho português é famoso.；
refeição；餐；s. f.；A refeição está servida.；
pequeno-almoço；早餐；s. m.；O pequeno-almoço é às oito.；
almoço；午餐；s. m.；O almoço é ao meio-dia.；
jantar；晚餐；s. m.；O jantar é às oito.；
lanche；下午茶；s. m.；O lanche é às quatro.；
sobremesa；甜點；s. f.；A sobremesa é bolo de chocolate.；
prato；盤子/菜餚；s. m.；O prato está lavado.；
copo；杯子；s. m.；O copo está cheio.；
chávena；茶杯；s. f.；A chávena de café.；
garfo；叉子；s. m.；O garfo está na mesa.；
faca；刀子；s. f.；A faca está afiada.；
colher；湯匙；s. f.；A colher de sopa.；
guardanapo；餐巾；s. m.；O guardanapo está na mesa.；
toalha de mesa；桌布；s. f.；A toalha de mesa está limpa.；
casa；房子/家；s. f.；A casa é amarela.；
porta；門；s. f.；A porta está aberta.；
janela；窗戶；s. f.；A janela dá para o jardim.；
parede；牆壁；s. f.；A parede é branca.；
tecto；天花板；s. m.；O tecto é alto.；
chão；地板；s. m.；O chão está limpo.；
escada；樓梯；s. f.；A escada é perigosa.；
quarto；房間/臥室；s. m.；O quarto está arrumado.；
sala；客廳；s. f.；A sala é grande.；
cozinha；廚房；s. f.；A cozinha está limpa.；
casa de banho；浴室；s. f.；A casa de banho é pequena.；
corredor；走廊；s. m.；O corredor é comprido.；
jardim；花園；s. m.；O jardim tem flores.；
varanda；陽台；s. f.；A varanda tem vista para o mar.；
garagem；車庫；s. f.；A garagem é para o carro.；
cama；床；s. f.；A cama é confortável.；
mesa；桌子；s. f.；A mesa é redonda.；
cadeira；椅子；s. f.；A cadeira é de madeira.；
sofá；沙發；s. m.；O sofá é confortável.；
estante；書架；s. f.；A estante tem livros.；
armário；衣櫃/櫥櫃；s. m.；O armário está cheio.；
gaveta；抽屜；s. f.；A gaveta está vazia.；
secretária；書桌；s. f.；A secretária está arrumada.；
frigorífico；冰箱；s. m.；O frigorífico está cheio.；
fogão；爐灶；s. m.；O fogão está ligado.；
forno；烤箱；s. m.；O forno está quente.；
micro-ondas；微波爐；s. m.；O micro-ondas avariou.；
máquina de lavar；洗衣機；s. f.；A máquina de lavar está a funcionar.；
lava-loiça；水槽；s. m.；O lava-loiça está sujo.；
banheira；浴缸；s. f.；A banheira está cheia.；
chuveiro；淋浴器；s. m.；O chuveiro está quente.；
sanita；馬桶；s. f.；A sanita está limpa.；
espelho；鏡子；s. m.；O espelho está partido.；
toalha；毛巾；s. f.；A toalha está seca.；
sabonete；肥皂；s. m.；O sabonete cheira bem.；
champô；洗髮精；s. m.；O champô está no duche.；
escova de dentes；牙刷；s. f.；A escova de dentes é nova.；
pasta de dentes；牙膏；s. f.；A pasta de dentes é branca.；
luz；燈/光線；s. f.；A luz está acesa.；
lâmpada；燈泡；s. f.；A lâmpada fundiu.；
cortina；窗簾；s. f.；A cortina está aberta.；
tapete；地毯；s. m.；O tapete é vermelho.；
almofada；枕頭；s. f.；A almofada é macia.；
cobertor；毯子；s. m.；O cobertor está quente.；
lençol；床單；s. m.；O lençol está limpo.；
roupa；衣服；s. f.；A roupa está no armário.；
camisa；襯衫；s. f.；A camisa é branca.；
camisola；毛衣/運動衫；s. f.；A camisola é de lã.；
calças；褲子；s. f. pl.；As calças são azuis.；
saia；裙子；s. f.；A saia é curta.；
vestido；連衣裙；s. m.；O vestido é bonito.；
casaco；外套；s. m.；O casaco está no cabide.；
blusão；夾克；s. m.；O blusão é impermeável.；
fato；西裝；s. m.；O fato é para o casamento.；
gravata；領帶；s. f.；A gravata é azul.；
chapéu；帽子；s. m.；O chapéu protege do sol.；
cachecol；圍巾；s. m.；O cachecol é de lã.；
luvas；手套；s. f. pl.；As luvas estão no bolso.；
meias；襪子；s. f. pl.；As meias são de algodão.；
sapatos；鞋子；s. m. pl.；Os sapatos são pretos.；
botas；靴子；s. f. pl.；As botas são de couro.；
ténis；運動鞋；s. m. pl.；Os ténis são para correr.；
sandálias；涼鞋；s. f. pl.；As sandálias são de verão.；
cinto；皮帶；s. m.；O cinto é de couro.；
bolso；口袋；s. m.；O bolso está vazio.；
botão；釦子；s. m.；O botão caiu.；
fecho de correr；拉鍊；s. m.；O fecho de correr avariou.；
roupa interior；內衣；s. f.；A roupa interior é de algodão.；
pijama；睡衣；s. m.；O pijama é confortável.；
fato de banho；泳裝；s. m.；O fato de banho está no saco.；
loja；商店；s. f.；A loja abre às nove.；
supermercado；超市；s. m.；O supermercado está perto.；
mercearia；雜貨店；s. f.；A mercearia vende fruta.；
padaria；麵包店；s. f.；A padaria vende pão fresco.；
talho；肉店；s. m.；O talho vende carne.；
peixaria；魚店；s. f.；A peixaria vende peixe fresco.；
farmácia；藥局；s. f.；A farmácia está aberta.；
mercado；市場；s. m.；O mercado ao sábado é animado.；
centro comercial；購物中心；s. m.；O centro comercial está cheio.；
banco；銀行；s. m.；O banco abre às oito.；
correio；郵局；s. m.；Vou ao correio enviar uma carta.；
restaurante；餐廳；s. m.；O restaurante é bom.；
café；咖啡館；s. m.；O café está cheio de gente.；
pastelaria；糕點店；s. f.；A pastelaria vende pastéis de nata.；
bar；酒吧；s. m.；O bar está aberto até tarde.；
hotel；酒店；s. m.；O hotel tem piscina.；
hospital；醫院；s. m.；O hospital fica longe.；
escola；學校；s. f.；A escola começa em setembro.；
universidade；大學；s. f.；A universidade é pública.；
biblioteca；圖書館；s. f.；A biblioteca está silenciosa.；
igreja；教堂；s. f.；A igreja é antiga.；
musseu；博物館；s. m.；O museu abre às dez.；
cinema；電影院；s. m.；Vamos ao cinema hoje?；
teatro；劇院；s. m.；O teatro é bonito.；
parque；公園；s. m.；O parque tem árvores.；
praia；海灘；s. f.；A praia está cheia no verão.；
piscina；游泳池；s. f.；A piscina está aberta.；
ginásio；健身房；s. m.；Vou ao ginásio ao sábado.；
campo；田野/場地；s. m.；O campo de futebol é grande.；
rua；街道；s. f.；A rua está movimentada.；
avenida；大道；s. f.；A avenida é larga.；
praça；廣場；s. f.；A praça tem uma fonte.；
estrada；公路；s. f.；A estrada é perigosa.；
ponte；橋；s. f.；A ponte liga as duas margens.；
bairro；街區；s. m.；O bairro é calmo.；
cidade；城市；s. f.；A cidade é bonita.；
aldeia；村莊；s. f.；A aldeia é pequena.；
país；國家；s. m.；Portugal é um país bonito.；
Portugal；葡萄牙；s. m.；Portugal é na Europa.；
português；葡萄牙人/葡語；s. m.；Falo português.；
portuguesa；葡萄牙人(女)；s. f.；Ela é portuguesa.；
inglês；英國人/英語；s. m.；Falo inglês também.；
inglesa；英國人(女)；s. f.；A minha amiga é inglesa.；
francês；法國人/法語；s. m.；Ele fala francês.；
francesa；法國人(女)；s. f.；Ela é francesa.；
espanhol；西班牙人/西班牙語；s. m.；O espanhol é parecido com português.；
espanhola；西班牙人(女)；s. f.；Ela é espanhola.；
alemão；德國人/德語；s. m.；O alemão é difícil.；
alemã；德國人(女)；s. f.；Ela é alemã.；
chinês；中國人/中文；s. m.；O chinês é uma língua difícil.；
chinesa；中國人(女)；s. f.；Ela é chinesa.；
americano；美國人；s. m.；Ele é americano.；
americana；美國人(女)；s. f.；Ela é americana.；
Europa；歐洲；s. f.；Portugal fica na Europa.；
Ásia；亞洲；s. f.；A China fica na Ásia.；
África；非洲；s. f.；Angola fica em África.；
América；美洲；s. f.；Os Estados Unidos ficam na América.；
professor；老師；s. m.；O professor explica bem.；
professora；老師(女)；s. f.；A professora é simpática.；
aluno；學生；s. m.；O aluno estuda muito.；
aluna；學生(女)；s. f.；A aluna é aplicada.；
médico；醫生；s. m.；O médico está no hospital.；
médica；醫生(女)；s. f.；A médica receitou um remédio.；
enfermeiro；護士；s. m.；O enfermeiro ajuda o médico.；
enfermeira；護士(女)；s. f.；A enfermeira deu a vacina.；
engenheiro；工程師；s. m.；O engenheiro desenha a ponte.；
engenheira；工程師(女)；s. f.；A engenheira trabalha na obra.；
advogado；律師；s. m.；O advogado defende o cliente.；
advogada；律師(女)；s. f.；A advogada ganhou o caso.；
polícia；警察；s. 2g.；O polícia ajuda as pessoas.；
bombeiro；消防員；s. m.；O bombeiro apagou o fogo.；
condutor；司機；s. m.；O condutor pára no semáforo.；
condutora；司機(女)；s. f.；A condutora é cuidadosa.；
cozinheiro；廚師；s. m.；O cozinheiro faz a sopa.；
cozinheira；廚師(女)；s. f.；A cozinheira cozinha bem.；
empregado；員工；s. m.；O empregado trabalha muito.；
empregada；員工(女)；s. f.；A empregada limpa a casa.；
patrão；老闆；s. m.；O patrão está no escritório.；
patroa；老闆(女)；s. f.；A patroa é exigente.；
cliente；顧客；s. 2g.；O cliente pede o menu.；
jogador；球員；s. m.；O jogador marca um golo.；
jogadora；球員(女)；s. f.；A jogadora é rápida.；
cantor；歌手；s. m.；O cantor actua no teatro.；
cantora；歌手(女)；s. f.；A cantora tem uma voz bonita.；
motorista；司機；s. 2g.；O motorista do autocarro é simpático.；
aula；課；s. f.；A aula começa às nove.；
lição；課文/課程；s. f.；A lição é difícil.；
lição de casa；作業；s. f.；Faço a lição de casa.；
prova；測驗；s. f.；A prova é na sexta.；
exame；考試；s. m.；O exame final é em junho.；
nota；分數/筆記；s. f.；A nota do exame é boa.；
caderno；筆記本；s. m.；O caderno tem cem páginas.；
livro；書本；s. m.；O livro é interessante.；
caneta；筆；s. f.；A caneta azul escreve bem.；
lápis；鉛筆；s. m.；O lápis está afiado.；
borracha；橡皮擦；s. f.；A borracha apaga o lápis.；
régua；尺；s. f.；A régua mede trinta centímetros.；
mochila；背包；s. f.；A mochila está nas costas.；
sala de aula；教室；s. f.；A sala de aula é grande.；
quadro；黑板/畫；s. m.；O quadro está limpo.；
giz；粉筆；s. m.；O giz parte-se facilmente.；
secretária；書桌；s. f.；A secretária do professor.；
dicionário；字典；s. m.；O dicionário de português.；
manual；手冊/教科書；s. m.；O manual escolar é caro.；
carteira；錢包/書桌；s. f.；A carteira está no bolso.；
volta；回；s. f.；A volta à casa.；
fim；結束；s. m.；O fim da aula.；
início；開始；s. m.；O início do ano.；
meio；中間；s. m.；O meio do caminho.；
vez；次；s. f.；Outra vez, por favor.；
tempo；時間/天氣；s. m.；O tempo voa.；
hora；小時；s. f.；Que horas são?；
minuto；分鐘；s. m.；Espera um minuto.；
segundo；秒；s. m.；Um segundo só.；
relógio；時鐘/手錶；s. m.；O relógio está atrasado.；
manhã；早上；s. f.；De manhã, tomo banho.；
tarde；下午；s. f.；À tarde, vou à escola.；
noite；晚上；s. f.；À noite, janto em casa.；
madrugada；凌晨；s. f.；De madrugada, está escuro.；
meio-dia；中午；s. m.；O almoço é ao meio-dia.；
meia-noite；午夜；s. f.；À meia-noite, durmo.；
cedo；早；adv.；Acordo cedo.；
tarde；晚；adv.；Cheguei tarde.；
calendário；日曆；s. m.；O calendário na parede.；
data；日期；s. f.；Qual é a data de hoje?；
aniversário；生日；s. m.；O meu aniversário é em maio.；
festa；派對；s. f.；A festa é no sábado.；
feriado；假日；s. m.；Amanhã é feriado.；
férias；假期；s. f. pl.；Vou de férias em julho.；
tempo；天氣；s. m.；O tempo está bom hoje.；
sol；太陽；s. m.；O sol brilha.；
lua；月亮；s. f.；A lua está cheia.；
estrela；星星；s. f.；As estrelas no céu.；
céu；天空；s. m.；O céu está azul.；
nuvem；雲；s. f.；As nuvens são brancas.；
chuva；雨；s. f.；A chuva cai forte.；
vento；風；s. m.；O vento sopra.；
neve；雪；s. f.；A neve cai no inverno.；
nevoeiro；霧；s. m.；O nevoeiro é denso.；
trovoada；雷雨；s. f.；A trovoada assusta.；
relâmpago；閃電；s. m.；O relâmpago iluminou o céu.；
arco-íris；彩虹；s. m.；O arco-íris tem sete cores.；
calor；熱；s. m.；Está muito calor.；
frio；冷；s. m.；Está frio hoje.；
nublado；陰天；adj.；O céu está nublado.；
chover；下雨；v. i.；Chove muito em novembro.；
nevar；下雪；v. i.；Nevou na serra.；
temperatura；溫度；s. f.；A temperatura está alta.；
grau；度；s. m.；Estão vinte graus.；
estação；季節/車站；s. f.；A estação do ano.；
cão；狗；s. m.；O cão ladra.；
gato；貓；s. m.；O gato dorme no sofá.；
pássaro；鳥；s. m.；O pássaro canta.；
peixe；魚；s. m.；O peixe nada no aquário.；
cavalo；馬；s. m.；O cavalo corre no campo.；
vaca；牛；s. f.；A vaca dá leite.；
porco；豬；s. m.；O porco é um animal.；
ovelha；羊；s. f.；A ovelha tem lã.；
galinha；母雞；s. f.；A galinha bota ovos.；
pato；鴨子；s. m.；O pato nada no lago.；
coelho；兔子；s. m.；O coelho come cenouras.；
rato；老鼠；s. m.；O rato corre no chão.；
elefante；大象；s. m.；O elefante é grande.；
leão；獅子；s. m.；O leão é o rei da selva.；
tigre；老虎；s. m.；O tigre tem riscas.；
macaco；猴子；s. m.；O macaco come banana.；
urso；熊；s. m.；O urso dorme no inverno.；
golfinho；海豚；s. m.；O golfinho salta no mar.；
baleia；鯨魚；s. f.；A baleia é o maior animal.；
formiga；螞蟻；s. f.；A formiga trabalha muito.；
abelha；蜜蜂；s. f.；A abelha faz mel.；
borboleta；蝴蝶；s. f.；A borboleta tem cores bonitas.；
aranha；蜘蛛；s. f.；A aranha faz a teia.；
mosca；蒼蠅；s. f.；A mosca voa.；
mosquito；蚊子；s. m.；O mosquito pica.；
animal；動物；s. m.；O animal está no jardim zoológico.；
autocarro；公車；s. m.；O autocarro passa às oito.；
comboio；火車；s. m.；O comboio sai da estação.；
carro；汽車；s. m.；O carro é azul.；
bicicleta；腳踏車；s. f.；A bicicleta é rápida.；
mota；摩托車；s. f.；A mota é barulhenta.；
avião；飛機；s. m.；O avião voa alto.；
barco；船；s. m.；O barco navega no rio.；
navio；大船；s. m.；O navio chega ao porto.；
metro；地鐵；s. m.；O metro é rápido.；
elétrico；電車；s. m.；O elétrico sobe a colina.；
táxi；計程車；s. m.；O táxi espera na paragem.；
paragem；車站(公車)；s. f.；A paragem de autocarro.；
estação；車站(火車)；s. f.；A estação de comboios.；
bilhete；票；s. m.；O bilhete custa dois euros.；
viagem；旅行；s. f.；A viagem é longa.；
passageiro；乘客；s. m.；O passageiro espera o comboio.；
passageira；乘客(女)；s. f.；A passageira tem um bilhete.；
condutor；駕駛員；s. m.；O condutor do autocarro.；
volante；方向盤；s. m.；O volante do carro.；
estrada；道路；s. f.；A estrada nacional.；
autoestrada；高速公路；s. f.；A autoestrada é rápida.；
futebol；足球；s. m.；Jogo futebol ao sábado.；
golo；進球；s. m.；O golo foi bonito.；
bola；球；s. f.；A bola é redonda.；
jogo；遊戲/比賽；s. m.；O jogo começa às três.；
equipa；隊伍；s. f.；A equipa ganhou.；
jogador；球員；s. m.；O jogador é famoso.；
treinador；教練；s. m.；O treinador motiva a equipa.；
natação；游泳；s. f.；A natação é um desporto.；
corrida；跑步/賽跑；s. f.；A corrida é de manhã.；
ginástica；體操；s. f.；A ginástica é saudável.；
ténis；網球；s. m.；Jogo ténis ao domingo.；
basquetebol；籃球；s. m.；O basquetebol é divertido.；
andebol；手球；s. m.；O andebol é um desporto.；
desporto；運動；s. m.；Pratico desporto todos os dias.；
música；音樂；s. f.；Ouço música clássica.；
canção；歌曲；s. f.；A canção é bonita.；
cantar；唱歌；v. i.；Canto no coro.；
dança；舞蹈；s. f.；A dança é divertida.；
instrumento；樂器；s. m.；Toco um instrumento.；
guitarra；吉他；s. f.；A guitarra portuguesa é linda.；
piano；鋼琴；s. m.；O piano está na sala.；
bateria；鼓；s. f.；A bateria faz barulho.；
violino；小提琴；s. m.；O violino é um instrumento clássico.；
filme；電影；s. m.；O filme é interessante.；
cinema；電影院；s. m.；Vamos ao cinema.；
ingresso；入場券；s. m.；O ingresso custa cinco euros.；
ecrã；螢幕；s. m.；O ecrã do cinema é grande.；
série；影集；s. f.；A série é divertida.；
televisão；電視；s. f.；A televisão está ligada.；
rádio；收音機；s. m.；O rádio está a tocar.；
computador；電腦；s. m.；O computador está avariado.；
portátil；筆記型電腦；s. m.；O portátil é leve.；
teclado；鍵盤；s. m.；O teclado está sujo.；
rato；滑鼠；s. m.；O rato do computador.；
ecrã；螢幕；s. m.；O ecrã do computador.；
impressora；打印機；s. f.；A impressora não funciona.；
internet；網路；s. f.；A internet está lenta.；
site；網站；s. m.；O site é útil.；
e-mail；電子郵件；s. m.；Envio um e-mail.；
mensagem；訊息；s. f.；A mensagem chegou.；
fotografia；照片；s. f.；Tiro uma fotografia.；
máquina fotográfica；相機；s. f.；A máquina fotográfica é digital.；
câmara；攝影機；s. f.；A câmara filma bem.；
telemóvel；手機；s. m.；O telemóvel toca.；
carregador；充電器；s. m.；O carregador do telemóvel.；
bateria；電池；s. f.；A bateria está fraca.；
ficha；插頭；s. f.；A ficha na tomada.；
tomada；插座；s. f.；A tomada está na parede.；
botão；按鈕；s. m.；Carrega no botão.；
pilha；電池(乾)；s. f.；As pilhas estão gastas.；
papel；紙；s. m.；O papel é branco.；
cartão；卡/紙板；s. m.；O cartão de crédito.；
envelope；信封；s. m.；O envelope tem um selo.；
selo；郵票；s. m.；O selo custa cinquenta cêntimos.；
carta；信件；s. f.；Escrevo uma carta.；
pacote；包裹；s. m.；O pacote chegou hoje.；
revista；雜誌；s. f.；A revista é semanal.；
jornal；報紙；s. m.；O jornal está na mesa.；
notícia；新聞；s. f.；A notícia é importante.；
cópia；副本；s. f.；Faço uma cópia do documento.；
documento；文件；s. m.；O documento está assinado.；
lista；清單；s. f.；A lista de compras.；
conta；帳單/帳戶；s. f.；A conta do restaurante.；
dinheiro；錢；s. m.；O dinheiro está na carteira.；
moeda；硬幣；s. f.；A moeda de um euro.；
nota；紙幣；s. f.；A nota de dez euros.；
troco；找零；s. m.；O troco está na mesa.；
preço；價格；s. m.；O preço está bom.；
desconto；折扣；s. m.；O desconto é de vinte por cento.；
saldo；餘額；s. m.；O saldo da conta.；
cartão de crédito；信用卡；s. m.；Pago com cartão de crédito.；
multibanco；自動提款機；s. m.；O multibanco está ao lado.；
cheque；支票；s. m.；O cheque está assinado.；
recibo；收據；s. m.；O recibo da compra.；
fatura；發票；s. f.；A fatura está paga.；
imposto；稅；s. m.；O imposto é alto.；
renda；租金；s. f.；A renda da casa.；
conta bancária；銀行帳戶；s. f.；Abro uma conta bancária.；
poupança；儲蓄；s. f.；A poupança é importante.；
empréstimo；貸款；s. m.；O empréstimo do banco.；
dívida；債務；s. f.；A dívida está paga.；
alegria；快樂；s. f.；A alegria de viver.；
tristeza；悲傷；s. f.；A tristeza passou.；
amor；愛；s. m.；O amor é bonito.；
ódio；恨；s. m.；O ódio não leva a nada.；
medo；害怕；s. m.；Tenho medo do escuro.；medo de
coragem；勇氣；s. f.；Tem coragem para falar.；
raiva；憤怒；s. f.；Sinto raiva da situação.；
calma；冷靜；s. f.；Mantém a calma.；
paciência；耐心；s. f.；Tem paciência comigo.；
saudade；懷念；s. f.；Tenho saudades de casa.；saudade de
esperança；希望；s. f.；A esperança é a última a morrer.；
satisfação；滿意；s. f.；A satisfação do cliente.；
surpresa；驚喜；s. f.；Que surpresa boa!；
vergonha；羞愧；s. f.；Tenho vergonha de falar.；vergonha de
orgulho；驕傲；s. m.；Sinto orgulho do meu filho.；
cansado；疲憊；adj.；Estou cansado.；
nervoso；緊張；adj.；Estou nervoso.；
preocupado；擔心；adj.；Estou preocupado com o exame.；
animado；興奮的/開心的；adj.；Estou animado para a festa.；
aborrecido；無聊的/煩的；adj.；Estou aborrecido em casa.；
com fome；餓的；loc. adj.；Estou com fome.；
com sede；渴的；loc. adj.；Estou com sede.；
com sono；睏的；loc. adj.；Estou com sono.；
com pressa；匆忙的；loc. adj.；Estou com pressa.；
com frio；冷的；loc. adj.；Estou com frio.；
com calor；熱的；loc. adj.；Estou com calor.；
razão；道理/理由；s. f.；Tens razão.；
culpa；錯誤/責任；s. f.；Não tenho culpa.；
certeza；確定；s. f.；Tenho a certeza.；certeza de
dúvida；疑問；s. f.；Tenho dúvidas.；
vontade；意願/欲望；s. f.；Tenho vontade de viajar.；
direito；權利；s. m.；Tens direito a isso.；
dever；義務/應該；v. t.；Deves estudar mais.；
obrigação；義務；s. f.；É a minha obrigação.；
permissão；許可；s. f.；Com a tua permissão.；
proibição；禁止；s. f.；É proibido fumar.；
possibilidade；可能性；s. f.；Há possibilidade de chover.；
descanso；休息；s. m.；Preciso de descanso.；
sonho；夢；s. m.；O sonho é bonito.；
realidade；現實；s. f.；A realidade é diferente.；
saúde；健康；s. f.；Saúde!；a
doença；疾病；s. f.；A doença é grave.；
gripe；流感；s. f.；Estou com gripe.；
constipação；感冒；s. f.；Estou constipado.；
dor；痛；s. f.；Sinto uma dor na cabeça.；dor de
febre；發燒；s. f.；Tenho febre.；
tosse；咳嗽；s. f.；A tosse não passa.；
remédio；藥物；s. m.；O remédio é amargo.；
comprimido；藥片；s. m.；Tomo um comprimido.；
xarope；糖漿；s. m.；O xarope para a tosse.；
vacinia；疫苗；s. f.；A vacina é importante.；
operação；手術；s. f.；A operação correu bem.；
médico de família；家庭醫生；s. m.；Vou ao médico de família.；
consulta；門診；s. f.；Tenho consulta às dez.；
urgência；急診；s. f.；Fui às urgências.；
ambulância；救護車；s. f.；A ambulância chegou rápido.；
parte do corpo；身體部位；s. f.；Aprende as partes do corpo.；
natureza；大自然；s. f.；A natureza é bonita.；
árvore；樹；s. f.；A árvore é alta.；
flor；花；s. f.；A flor é bonita.；
planta；植物；s. f.；A planta precisa de água.；
relva；草地；s. f.；A relva está verde.；
folha；葉子；s. f.；A folha cai no outono.；
raiz；根；s. f.；A raiz da árvore.；
ramo；樹枝；s. m.；O ramo está partido.；
fruto；果實；s. m.；O fruto está maduro.；
semente；種子；s. f.；A semente germina.；
terra；土地/地球；s. f.；A terra está seca.；
mar；海；s. m.；O mar está azul.；
rio；河；s. m.；O rio corre para o mar.；
lago；湖；s. m.；O lago está calmo.；
montanha；山；s. f.；A montanha é alta.；
vale；山谷；s. m.；O vale é fértil.；
serra；山脈；s. f.；A serra está coberta de neve.；
ilha；島嶼；s. f.；A ilha é bonita.；
praia；海灘；s. f.；A praia de areia.；
areia；沙；s. f.；A areia está quente.；
rocha；岩石；s. f.；A rocha é grande.；
pedra；石頭；s. f.；Atirou uma pedra.；
fogo；火；s. m.；O fogo aquece.；
ar；空氣；s. m.；O ar está fresco.；
pó；灰塵；s. m.；O pó cobre a mesa.；
lixo；垃圾；s. m.；O lixo está no balde.；
reciclagem；回收；s. f.；A reciclagem é importante.；
poluição；污染；s. f.；A poluição do ar.；
limpeza；清潔；s. f.；A limpeza da casa.；
organização；組織；s. f.；A organização do evento.；
ordem；秩序；s. f.；Por ordem, por favor.；
confusão；混亂；s. f.；Que confusão!；
barulho；噪音；s. m.；O barulho incomoda.；
silêncio；安靜；s. m.；Silêncio na sala.；
conversa；談話；s. f.；A conversa foi boa.；
diálogo；對話；s. m.；O diálogo entre amigos.；
discurso；演講；s. m.；O discurso do presidente.；
pergunta；問題；s. f.；Faz uma pergunta.；
resposta；回答；s. f.；A resposta está correta.；
explicação；解釋；s. f.；A explicação clara.；
informação；資訊；s. f.；A informação é útil.；
aviso；通知/警告；s. m.；O aviso na porta.；
convite；邀請；s. m.；O convite para a festa.；
pedido；請求；s. m.；O pedido de ajuda.；
oferta；優惠/提供；s. f.；A oferta é boa.；
aceitação；接受；s. f.；A aceitação do convite.；
recusa；拒絕；s. f.；A recusa foi educada.；
decisão；決定；s. f.；A decisão final.；
escolha；選擇；s. f.；A escolha é difícil.；
opção；選項；s. f.；Tens duas opções.；
preferência；偏好；s. f.；Qual é a tua preferência?；
diferença；差異；s. f.；A diferença é grande.；
semelhança；相似；s. f.；A semelhança entre eles.；
igualdade；平等；s. f.；A igualdade de direitos.；
quantidade；數量；s. f.；A quantidade de comida.；
qualidade；品質；s. f.；A qualidade do produto.；
tamanho；尺寸；s. m.；O tamanho do sapato.；
peso；重量；s. m.；O peso da mala.；
altura；高度/身高；s. f.；A altura do prédio.；
largura；寬度；s. f.；A largura da rua.；
comprimento；長度；s. m.；O comprimento da mesa.；
profundidade；深度；s. f.；A profundidade do mar.；
capacidade；容量/能力；s. f.；A capacidade do garrafão.；
metro；公尺；s. m.；A mesa tem dois metros.；
centímetro；公分；s. m.；O livro tem vinte centímetros.；
quilómetro；公里；s. m.；A distância é de cinco quilómetros.；
litro；公升；s. m.；O litro de leite.；
quilo；公斤；s. m.；O quilo de arroz.；
grama；公克；s. m.；Cem gramas de queijo.；
dúzia；打/十二個；s. f.；Uma dúzia de ovos.；
metade；一半；s. f.；A metade do bolo.；
parte；部分；s. f.；Uma parte do trabalho.；
pedaço；一塊；s. m.；Um pedaço de pão.；
fatia；一片(薄片)；s. f.；Uma fatia de bolo.；
cápsula；膠囊/小盒；s. f.；Duas cápsulas de café.；
colher；湯匙/一匙；s. f.；Uma colher de açúcar.；
chávena；杯；s. f.；Uma chávena de chá.；
copo；杯(水杯)；s. m.；Um copo de água.；
garrafa；瓶子；s. f.；A garrafa de vinho.；
lata；罐頭；s. f.；A lata de refrigerante.；
embalagem；包裝；s. f.；A embalagem do produto.；
saco；袋子；s. m.；O saco do supermercado.；
caixa；盒子；s. f.；A caixa de sapatos.；
cesto；籃子；s. m.；O cesto de pão.；
prateleira；架子；s. f.；A prateleira do supermercado.；
balcão；櫃檯；s. m.；O balcão da loja.；
mostruário；展示櫃；s. m.；O mostruário de joias.；
montra；櫥窗；s. f.；A montra da loja.；
porta；門；s. f.；A porta da loja.；
entrada；入口；s. f.；A entrada do edifício.；
saída；出口；s. f.；A saída de emergência.；
escada；樓梯；s. f.；As escadas rolantes.；
elevador；電梯；s. m.；O elevador está avariado.；
corredor；走廊；s. m.；O corredor do supermercado.；
fila；隊伍；s. f.；A fila do banco.；
senha；號碼牌；s. f.；Tiro uma senha.；
espera；等待；s. f.；A espera foi longa.；
atendimento；服務/接待；s. m.；O atendimento foi bom.；
serviço；服務；s. m.；O serviço do restaurante.；
queixa；投訴；s. f.；Fiz uma queixa.；
reclamação；投訴/申訴；s. f.；A reclamação foi aceite.；
sugestão；建議；s. f.；A sugestão do cliente.；
opinião；意見；s. f.；A minha opinião é diferente.；
acordo；協議/同意；s. m.；O acordo foi assinado.；
contrato；合約；s. m.；O contrato de trabalho.；
regra；規則；s. f.；As regras da escola.；
lei；法律；s. f.；A lei é igual para todos.；
multa；罰款；s. f.；Paguei a multa.；
infração；違規；s. f.；A infração de trânsito.；
acidente；事故；s. m.；O acidente na estrada.；
perigo；危險；s. m.；O perigo de incêndio.；
emergência；緊急情況；s. f.；Ligo para a emergência.；
socorro；救援/救命；s. m.；Socorro!；
ajuda；幫助；s. f.；Preciso da tua ajuda.；
apoio；支持；s. m.；O apoio da família.；
proteção；保護；s. f.；A proteção do ambiente.；
cuidado；小心/照顧；s. m.；Tem cuidado com o cão.；
atenção；注意；s. f.；Presta atenção à aula.；
concentração；專注；s. f.；A concentração é importante.；
esforço；努力；s. m.；O esforço vale a pena.；
trabalho；工作；s. m.；O trabalho é cansativo.；
emprego；職業/工作；s. m.；Procuro emprego.；
desemprego；失業；s. m.；O desemprego é alto.；
salário；薪水；s. m.；O salário é baixo.；
férias；假期；s. f. pl.；As férias de verão.；
horário；時間表；s. m.；O horário de trabalho.；
pausa；休息；s. f.；A pausa para almoço.；
intervalo；休息時間；s. m.；O intervalo entre aulas.；
reunião；會議；s. f.；A reunião é às três.；
entrevista；面試；s. f.；A entrevista de emprego.；
candidatura；申請；s. f.；A candidatura ao emprego.；
currículo；履歷；s. m.；O currículo está atualizado.；
experiência；經驗；s. f.；A experiência profissional.；
formação；培訓/教育；s. f.；A formação é gratuita.；
curso；課程；s. m.；O curso de português.；
nível；等級；s. m.；O nível de língua.；
iniciante；初學者；s. 2g.；Sou iniciante em português.；
avançado；高級的；adj.；O nível avançado é difícil.；
suficiente；足夠的；adj. 2g.；O dinheiro é suficiente.；
insuficiente；不足的；adj. 2g.；A nota é insuficiente.；
perfeito；完美的；adj.；O tempo está perfeito.；
imperfeito；不完美的；adj.；O sistema é imperfeito.；
completo；完整的；adj.；O trabalho está completo.；
incompleto；不完整的；adj.；A tarefa está incompleta.；
correto；正確的；adj.；A resposta está correta.；
incorreto；不正確的；adj.；A informação está incorreta.；
normal；正常的；adj. 2g.；O dia está normal.；
estranho；奇怪的；adj.；A situação é estranha.；
habitual；習慣的；adj. 2g.；A rotina habitual.；
raro；罕見的；adj.；É raro nevar aqui.；
comum；常見的；adj. 2g.；É comum em Portugal.；
incomum；不常見的；adj. 2g.；O caso é incomum.；
especial；特別的；adj. 2g.；O dia é especial.；
geral；一般的；adj. 2g.；Em geral, gosto de estudar.；
particular；特定的/私人的；adj. 2g.；O caso particular.；
principal；主要的；adj. 2g.；A rua principal.；
secundário；次要的；adj.；O caminho secundário.；
direto；直接的；adj.；O voo é direto.；
indireto；間接的；adj.；O caminho indireto.；
simples；簡單的；adj. 2g.；A tarefa é simples.；
complexo；複雜的；adj.；O problema é complexo.；
claro；清楚的；adj.；A explicação é clara.；
obscuro；模糊的/黑暗的；adj.；O texto está obscuro.；
exato；精確的；adj.；A hora exata.；
aproximado；大約的；adj.；O valor aproximado.；
total；總共的；adj. 2g.；O total é cem.；
parcial；部分的；adj. 2g.；A recuperação parcial.；
médio；中等的/平均的；adj.；O tamanho médio.；
mínimo；最低的；adj.；O preço mínimo.；
máximo；最高的；adj.；A velocidade máxima.；
óptimo；極好的；adj.；O filme é óptimo.；
péssimo；極差的；adj.；O serviço é péssimo.；
ótimo；很好的；adj.；Ótimo, obrigado!；
horrível；可怕的；adj. 2g.；O tempo está horrível.；
maravilhoso；美妙的；adj.；A paisagem é maravilhosa.；
terrível；可怕的；adj. 2g.；A notícia é terrível.；
fantástico；極好的；adj.；O concerto foi fantástico.；
lindo；美麗的；adj.；O dia está lindo.；
belo；優美的；adj.；Uma bela paisagem.；
agradável；愉快的；adj. 2g.；O passeio foi agradável.；
desagradável；令人不快的；adj. 2g.；A surpresa foi desagradável.；
divertido；有趣的；adj.；O jogo é divertido.；
chato；無聊的/煩人的；adj.；O filme é chato.；
interessante；有趣的；adj. 2g.；O livro é interessante.；
aborrecido；無聊的；adj.；A palestra foi aborrecida.；
emocionante；感人的/激動的；adj. 2g.；O final foi emocionante.；
alegre；快樂的；adj. 2g.；A música é alegre.；
triste；悲傷的；adj. 2g.；A história é triste.；
calmo；平靜的；adj.；O mar está calmo.；
agitado；動盪的；adj.；O mar está agitado.；
tranquilo；寧靜的；adj.；O bairro é tranquilo.；
movimentado；繁忙的；adj.；A rua está movimentada.；
sossegado；安靜的；adj.；O café é sossegado.；
barulhento；吵鬧的；adj.；O carro é barulhento.；
famoso；著名的；adj.；O fado é famoso.；
desconhecido；未知的；adj.；O autor é desconhecido.；
conhecido；知名的；adj.；É um cantor conhecido.；
popular；受歡迎的；adj. 2g.；A praia é popular.；
típico；典型的；adj.；O prato típico.；
moderno；現代的；adj.；O edifício é moderno.；
antigo；古老的/以前的；adj.；A igreja é antiga.；
clássico；古典的；adj.；A música clássica.；
contemporâneo；當代的；adj.；A arte contemporânea.；
fresco；新鮮的/涼爽的；adj.；O ar está fresco.；
morno；溫的；adj.；A água está morna.；
gelado；冰的；adj.；O refrigerante está gelado.；
natural；自然的；adj. 2g.；O sumo é natural.；
artificial；人造的；adj. 2g.；O sabor artificial.；
orgânico；有機的；adj.；A comida orgânica.；
cru；生的；adj.；O peixe cru.；
cozido；煮熟的；adj.；O ovo cozido.；
assado；烤的；adj.；O frango assado.；
frito；油炸的；adj.；O peixe frito.；
grelhado；烤(架上)的；adj.；A carne grelhada.；
cozinhado；烹飪過的；adj.；O arroz está bem cozinhado.；
temperado；調味的；adj.；A salada está bem temperada.；
picante；辛辣的；adj. 2g.；A comida picante.；
saboroso；美味的；adj.；O bolo é saboroso.；
delicioso；美味的；adj.；A sopa está deliciosa.；
horrível；難吃的；adj. 2g.；A comida estava horrível.；
amargo；苦的；adj.；O café está amargo.；
doce；甜的；adj. 2g.；O bolo é muito doce.；
azedo；酸的；adj.；O iogurte está azedo.；
salgado；鹹的；adj.；A sopa está salgada.；
insosso；淡而無味的；adj.；A comida está insossa.；
estragado；壞掉的；adj.；O leite está estragado.；
maduro；成熟的；adj.；A fruta está madura.；
verde；未熟的；adj.；A banana está verde.；
podre；腐爛的；adj.；A fruta está podre.；
limpar；清潔；v. t.；Limpo a casa ao sábado.；
lavar；清洗；v. t.；Lavo a roupa.；
passar a ferro；熨燙；v. t.；Passo a ferro a camisa.；
varrer；掃地；v. t.；Varro o chão da cozinha.；
aspirar；吸塵；v. t.；Aspiro a sala.；
esfregar；擦洗；v. t.；Esfrego o chão.；
pôr a mesa；擺桌子；v. t.；Ponho a mesa para o jantar.；
tirar a mesa；收桌子；v. t.；Tiro a mesa depois do jantar.；
cozinhar；做飯；v. t.；Cozinho para a família.；
fritar；油炸；v. t.；Frito os ovos.；
assar；烤；v. t.；Asso o frango no forno.；
ferver；煮沸；v. t.；Fervo a água para o chá.；
descascar；削皮；v. t.；Descasco as batatas.；
cortar；切；v. t.；Corto a cebola.；
picar；切碎；v. t.；Pico os alhos.；
misturar；混合；v. t.；Misturo os ingredientes.；
deitar；倒/放；v. t.；Deito água na panela.；
estender；伸展/晾；v. t.；Estendo a roupa no varal.；
dobrar；摺疊；v. t.；Dobro a roupa lavada.；
guardar；收好；v. t.；Guardo a loiça no armário.；
arrumar；整理；v. t.；Arrumo o quarto.；
organizar；組織；v. t.；Organizo a festa.；
decorar；裝飾/背誦；v. t.；Decoro a sala para o Natal.；
preparar；準備；v. t.；Preparo o jantar.；
servir；服務/上菜；v. t.；Sirvo a sopa.；
provar；嚐/試穿；v. t.；Provo a sopa.；
experimentar；嘗試/試穿；v. t.；Experimento a camisa.；
escolher；選擇；v. t.；Escolho o vestido.；
apanhar；撿/抓/搭(車)；v. t.；Apanho o autocarro.；
buscar；接/找；v. t.；Busco o filho à escola.；
pegar；拿/抓；v. t.；Pego no livro.；pegar em
largar；放開；v. t.；Largo o saco no chão.；
segurar；握住；v. t.；Seguro a mão da criança.；
empurrar；推；v. t.；Empurro a porta.；
puxar；拉；v. t.；Puxo a corda.；
atirar；扔；v. t.；Atiro a bola.；
apanhar；接住；v. t.；Apanho a bola.；
saltar；跳；v. i.；Salto sobre o muro.；
sentar；坐；v. r.；Sento-me no banco.；sentar-se
deitar；躺；v. r.；Deito-me na cama.；deitar-se
levantar；起床/舉起；v. r.；Levanto-me cedo.；levantar-se
curvar；彎腰；v. r.；Curvo-me para apanhar a caneta.；curvar-se
virar；轉向；v. t.；Viro à direita.；
atravessar；穿過；v. t.；Atravesso a rua.；
seguir；跟隨；v. t.；Sigo o caminho.；
parar；停止；v. i.；O autocarro pára aqui.；
continuar；繼續；v. t.；Continuo a estudar.；continuar a
avançar；前進；v. i.；Avanço para a frente.；
recuar；後退；v. i.；Recuo um passo.；
chegar；到達；v. i.；Chego à escola às oito.；chegar a
partir；離開/出發；v. i.；Parto amanhã de manhã.；partir para
regressar；返回；v. i.；Regresso a casa às seis.；
demorar；花費(時間)；v. i.；O comboio demora uma hora.；
durar；持續；v. i.；O filme dura duas horas.；
valer；值得；v. i.；Vale a pena visitar.；
significar；意味著；v. t.；O que significa esta palavra?；
representar；代表；v. t.；O que representa esta cor?；
incluir；包括；v. t.；O preço inclui o IVA.；
excluir；排除；v. t.；Excluo a carne da dieta.；
conter；包含；v. t.；A caixa contém doze ovos.；
faltar；缺少；v. i.；Falta um aluno.；
sobrar；剩餘；v. i.；Sobra comida.；
bastar；足夠；v. i.；Basta um minuto.；
trocar；交換；v. t.；Troco o livro na loja.；
devolver；歸還；v. t.；Devolvo o livro à biblioteca.；
emprestar；借出；v. t.；Empresto o lápis ao colega.；
pedir emprestado；借入；v. t.；Peço emprestado o livro.；
oferecer；贈送；v. t.；Ofereço um presente.；
dar；給；v. t.；Dou um abraço ao meu amigo.；
receber；收到；v. t.；Recebo uma prenda.；
aceitar；接受；v. t.；Aceito o convite.；
recusar；拒絕；v. t.；Recuso a oferta.；
agradecer；感謝；v. t.；Agradeço a ajuda.；
desculpar；原諒；v. t.；Desculpa o atraso.；
perdoar；原諒；v. t.；Perdoo o erro.；
cumprimentar；打招呼；v. t.；Cumprimento o vizinho.；
apresentar；介紹；v. t.；Apresento o meu amigo.；
convidar；邀請；v. t.；Convido os amigos para jantar.；convidar para
visitar；拜訪；v. t.；Visito a minha avó.；
receber；接待；v. t.；Recebo os convidados.；
acompanhar；陪伴；v. t.；Acompanho a minha mãe ao mercado.；
buscar；接；v. t.；Busco o meu filho à escola.；
levar；帶去；v. t.；Levo o cão ao veterinário.；
trazer；帶來；v. t.；Trago o bolo para a festa.；
mudar；改變/搬家；v. t.；Mudo de casa.；mudar de
trocar；更換；v. t.；Troco de roupa.；trocar de
adaptar；適應；v. t.；Adapto-me à nova cidade.；
acostumar；習慣；v. r.；Acostumo-me ao frio.；acostumar-se a
habituar；習慣；v. r.；Habituo-me à rotina.；habituar-se a
conhecer；認識/了解；v. t.；Conheço bem Lisboa.；
descobrir；發現；v. t.；Descubro um novo café.；
explorar；探索；v. t.；Exploro a cidade.；
experimentar；嘗試；v. t.；Experimento a comida local.；
aproveitar；享受/利用；v. t.；Aproveito o tempo livre.；
desfrutar；享受；v. i.；Desfruto da paisagem.；desfrutar de
usar；使用；v. t.；Uso o computador para trabalhar.；
utilizar；使用；v. t.；Utilizo o dicionário.；
precisar；需要；v. i.；Preciso de ajuda.；precisar de
necessitar；需要；v. i.；Necessito de descanso.；necessitar de
desejar；希望/想要；v. t.；Desejo boa viagem.；
esperar；希望/等；v. t.；Espero que sim.；
sonhar；夢想；v. i.；Sonho com uma casa grande.；sonhar com
acreditar；相信；v. i.；Acredito em ti.；acreditar em
confiar；信任；v. i.；Confio no meu amigo.；confiar em
duvidar；懷疑；v. i.；Duvido da verdade.；duvidar de
merecer；值得；v. t.；Mereces um prémio.；
importar；在乎/重要；v. i.；Importas-te de esperar?；importar-se com
preocupar；擔心；v. r.；Preocupo-me com o futuro.；preocupar-se com
interessar；感興趣；v. r.；Interesso-me por arte.；interessar-se por
apaixonar；愛上；v. r.；Apaixono-me por ti.；apaixonar-se por
enamorar；墜入愛河；v. r.；Enamoro-me da cidade.；enamorar-se de
casar；結婚；v. r.；Caso-me em maio.；casar-se com
separar；分開/分居；v. r.；Separo-me do marido.；separar-se de
divorciar；離婚；v. r.；Divorcio-me este ano.；divorciar-se de
partilhar；分享；v. t.；Partilho o quarto com o meu irmão.；
dividir；分開/分擔；v. t.；Divido a conta.；
unir；聯合；v. t.；Uno as duas partes.；
ligar；連接/開/打電話；v. t.；Ligo para a Maria.；ligar a
desligar；關閉/斷開；v. t.；Desligo a televisão.；
chamar；叫/打電話給；v. t.；Chamo o João.；chamar a
atender；接(電話)/接待；v. t.；Atendo o telefone.；
telefonar；打電話；v. i.；Telefono à minha mãe.；telefonar a
enviar；發送；v. t.；Envio uma mensagem.；
receber；收到；v. t.；Recebo uma carta.；
responder；回覆；v. t.；Respondo ao e-mail.；responder a
confirmar；確認；v. t.；Confirmo a presença.；
reservar；預訂；v. t.；Reservo uma mesa no restaurante.；
marcar；標記/預約；v. t.；Marco a consulta.；
cancelar；取消；v. t.；Cancelo a reserva.；
adiar；推遲；v. t.；Adio a reunião.；
repetir；重複；v. t.；Repito a palavra.；
treinar；訓練；v. t.；Treino todos os dias.；
praticar；練習；v. t.；Pratico português.；
melhorar；改善；v. t.；Melhoro o meu português.；
piorar；惡化；v. i.；O tempo piorou.；
aumentar；增加；v. t.；Aumento a velocidade.；
diminuir；減少；v. t.；Diminuo o ritmo.；
crescer；成長；v. i.；A criança cresce rápido.；
envelhecer；變老；v. i.；Os meus pais envelhecem.；
emagrecer；變瘦；v. i.；Emagreci este mês.；
engordar；變胖；v. i.；Engordei nas férias.；
encher；填滿；v. t.；Encho o copo de água.；
esvaziar；清空；v. t.；Esvazio o lixo.；
aquecer；加熱；v. t.；Aqueço a sopa.；
arrefecer；冷卻；v. t.；Arrefeço a água.；
congelar；冷凍；v. t.；Congelo a carne.；
descongelar；解凍；v. t.；Descongelo o pão.；
queimar；燃燒/燙傷；v. t.；Queimo o papel.；
derreter；融化；v. t.；O gelo derrete.；
partir；打破/折斷；v. t.；Parto o copo sem querer.；
rasgar；撕破；v. t.；Rasgo o papel.；
cortar；切/剪；v. t.；Corto o cabelo.；
colar；黏/貼；v. t.；Colo o cartaz na parede.；
emendar；改正；v. t.；Emendo o erro.；
consertar；修理；v. t.；Consulto o carro.；
reparar；修理/注意；v. t.；Reparo a torneira.；
construir；建造；v. t.；Construo uma casa.；
destruir；破壞；v. t.；A tempestade destrói tudo.；
fabricar；製造；v. t.；Fabricam carros na fábrica.；
produzir；生產；v. t.；Produzem vinho no Alentejo.；
cultivar；種植；v. t.；Cultivo flores no jardim.；
crescer；生長；v. i.；As plantas crescem.；
colher；採收；v. t.；Colho a fruta madura.；
plantar；種植；v. t.；Planto uma árvore.；
regar；澆水；v. t.；Rego as plantas.；
podar；修剪；v. t.；Podo as árvores.；
apanhar；採摘；v. t.；Apanho flores no campo.；
pescar；釣魚；v. t.；Pesco no rio.；
caçar；打獵；v. t.；Caçam no bosque.；
agarrar；抓緊；v. t.；Agarro a oportunidade.；
soltar；釋放；v. t.；Solta o balão.；
prender；抓住/綁住；v. t.；Prendo o cão à trela.；
amarrar；繫住；v. t.；Amarro o barco.；
desatar；解開；v. t.；Desato o nó.；
apertar；收緊；v. t.；Aperto o cinto.；
afrouxar；放鬆；v. t.；Afrouxo o nó.；
esticar；伸展/拉長；v. t.；Estico as pernas.；
encolher；收縮；v. t.；Encolho os ombros.；
dobrar；摺疊；v. t.；Dobro o guardanapo.；
desdobrar；展開；v. t.；Desdobro o mapa.；
enrolar；捲起；v. t.；Enrolo o tapete.；
desenrolar；展開；v. t.；Desenrolo o fio.；
alinhar；對齊；v. t.；Alinho os livros na estante.；
desalinhar；弄亂；v. t.；O vento desalinha o cabelo.；
equilibrar；平衡；v. t.；Equilibro o copo na mesa.；
desequilibrar；失衡；v. t.；O peso desequilibra o balanço.；
pesar；稱重；v. t.；Peso a fruta.；
medir；測量；v. t.；Meço a altura da mesa.；
contar；數數/講述；v. t.；Conto até dez.；
calcular；計算；v. t.；Calculo o preço total.；
somar；加；v. t.；Somo os números.；
subtrair；減；v. t.；Subtraio os gastos.；
multiplicar；乘；v. t.；Multiplico por dois.；
dividir；除；v. t.；Divido por três.；
adivinhar；猜測；v. t.；Adivinho a resposta.；
acertar；猜中/擊中；v. t.；Acertei no alvo.；
errar；出錯/弄錯；v. t.；Errei a conta.；
acertar；調準/做對；v. t.；Acertei o relógio.；
falhar；失敗；v. i.；O plano falhou.；
conseguir；成功/能夠；v. t.；Consegui o emprego.；
vencer；戰勝/贏；v. t.；Vencemos o jogo.；
perder；輸/失去；v. t.；Perdemos o campeonato.；
ganhar；贏得/賺取；v. t.；Ganhamos a lotaria.；
merecer；值得；v. t.；Merecemos descansar.；
suceder；成功/發生；v. i.；O evento sucedeu bem.；
falecer；去世；v. i.；O avô faleceu.；
nascer；出生；v. i.；Nasci em Lisboa.；
criar；創造/養育；v. t.；Crio os meus filhos com amor.；
educar；教育；v. t.；Educo os alunos.；
orientar；指導；v. t.；Orientamos os novos colegas.；
corrigir；糾正；v. t.；Corrijo o teste.；
avaliar；評估；v. t.；Avaliamos o trabalho.；
classificar；分類/評分；v. t.；Classifico os livros.；
ordenar；命令/整理；v. t.；Ordeno os documentos.；
inscrever；註冊；v. r.；Inscrevo-me no curso.；inscrever-se em
matricular；註冊(學校)；v. r.；Matriculo-me na universidade.；matricular-se em
participar；參加；v. i.；Participo na reunião.；participar em
assistir；參加/觀看；v. i.；Assisto às aulas.；assistir a
frequentar；定期參加；v. t.；Frequento a escola.；
comparecer；出席；v. i.；Compareço à reunião.；
faltar；缺席；v. i.；Faltei à aula ontem.；faltar a
representar；代表；v. t.；Represento a empresa.；
substituir；代替；v. t.；Substituo o colega.；
colaborar；合作；v. i.；Colaboro no projeto.；colaborar em
contribuir；貢獻；v. i.；Contribuo para o trabalho.；contribuir para
ajudar；幫助；v. t.；Ajudo os colegas.；
apoiar；支持；v. t.；Apoio a decisão.；
defender；辯護/保護；v. t.；Defendo a minha opinião.；
atacar；攻擊；v. t.；O cão ataca o intruso.；
proteger；保護；v. t.；Protejo o ambiente.；
salvar；拯救；v. t.；Salvo o gato da árvore.；
resgatar；營救；v. t.；Resgatam os turistas.；
arriscar；冒險；v. t.；Arrisco uma resposta.；
ousar；敢；v. t.；Ouso falar português.；
atrever；敢於；v. r.；Atrevo-me a perguntar.；atrever-se a
convencer；說服；v. t.；Convencemos o cliente.；
persuadir；說服；v. t.；Persuado o amigo.；
enganar；欺騙；v. t.；Enganas-me com a notícia.；
mentir；說謊；v. i.；Não mintas.；
esconder；隱藏；v. t.；Escondo o presente.；
ocultar；隱藏；v. t.；Ocultamos a verdade.；
revelar；揭露；v. t.；Revelo o segredo.；
confessar；坦白；v. t.；Confesso o erro.；
admitir；承認；v. t.；Admito que errei.；
negar；否認；v. t.；Negas a verdade.；
concordar；同意；v. i.；Concordo contigo.；concordar com
discordar；不同意；v. i.；Discordo da opinião.；discordar de
aprovar；批准/通過；v. t.；Aprovo o projeto.；
reprovar；不通過/不合格；v. t.；Reprovei no exame.；
votar；投票；v. i.；Voto nas eleições.；
eleger；選舉；v. t.；Elegem o presidente.；
nomear；任命；v. t.；Nomeiam o diretor.；
demitir；辭職/解僱；v. r.；Demito-me do cargo.；demitir-se de
despedir；解僱/告別；v. t.；Despedem o funcionário.；despedir-se de
contratar；聘請；v. t.；Contratam novos empregados.；
pagar；付錢；v. t.；Pago o ordenado.；
cobrar；收取；v. t.；Cobramos o serviço.；
investir；投資；v. i.；Invisto em ações.；investir em
gastar；花費；v. t.；Gasto dinheiro no supermercado.；
poupar；節省；v. t.；Poupo para as férias.；
economizar；節約；v. t.；Economizo água.；
desperdiçar；浪費；v. t.；Desperdiço comida.；
dever；欠/應該；v. t.；Deves-me dinheiro.；
emprestar；借出；v. t.；Empresto dinheiro ao amigo.；
pedir emprestado；借入；v. t.；Peço dinheiro emprestado.；
herdar；繼承；v. t.；Herdo a casa dos avós.；
doar；捐贈；v. t.；Doamos roupa usada.；
beneficiar；受益；v. i.；Beneficiamos do desconto.；beneficiar de
merecer；值得；v. t.；Mereces um descanso.；
dignar；屈尊；v. r.；Dignas-te a vir?；dignar-se a
queixar；抱怨；v. r.；Queixo-me do serviço.；queixar-se de
reclamar；投訴；v. i.；Reclamo do barulho.；reclamar de
lamentar；遺憾/抱歉；v. t.；Lamento o sucedido.；
desculpar；原諒；v. t.；Desculpe o incómodo.；
perdoar；寬恕；v. t.；Perdoa-me, por favor.；
compreender；理解；v. t.；Compreendo a situação.；
entender；明白；v. t.；Entendo o que dizes.；
perceber；理解/察覺；v. t.；Percebo a diferença.；
interpretar；解釋/表演；v. t.；Interpreto o texto.；
traduzir；翻譯；v. t.；Traduzo para chinês.；
explicar；解釋；v. t.；Explico a matéria.；
demonstrar；示範/證明；v. t.；Demonstro o exercício.；
ilustrar；說明/插圖；v. t.；Ilustro a ideia com exemplos.；
resumir；總結；v. t.；Resumo o texto.；
concluir；結論/結束；v. t.；Concluo o trabalho.；
dedicar；奉獻/致力；v. r.；Dedico-me ao estudo.；dedicar-se a
especializar；專攻；v. r.；Especializo-me em medicina.；especializar-se em
formar；形成/培訓；v. r.；Formo-me em direito.；formar-se em
licenciar；畢業(學士)；v. r.；Licencio-me este ano.；licenciar-se em
mestrado；碩士；s. m.；Faço o mestrado.；
doutoramento；博士；s. m.；O doutoramento é difícil.；
exame；考試；s. m.；O exame escrito.；
prova oral；口試；s. f.；A prova oral é amanhã.；
tese；論文；s. f.；A tese de mestrado.；
defesa；答辯；s. f.；A defesa da tese.；
bolsa；獎學金；s. f.；Ganhei uma bolsa de estudo.；
bolseiro；獎學金生；s. m.；O bolseiro investiga.；
investigação；研究；s. f.；A investigação científica.；
ciência；科學；s. f.；A ciência estuda a natureza.；
cientista；科學家；s. 2g.；O cientista faz descobertas.；
laboratório；實驗室；s. m.；O laboratório da universidade.；
experiência；實驗/經驗；s. f.；A experiência científica.；
resultado；結果；s. m.；O resultado do teste.；
conclusão；結論；s. f.；A conclusão do estudo.；
descoberta；發現；s. f.；A descoberta é importante.；
invenção；發明；s. f.；A invenção do telefone.；
inventar；發明；v. t.；Inventam novas máquinas.；
criar；創造；v. t.；Crio uma história.；
imitar；模仿；v. t.；Imito o professor.；
copiar；複製；v. t.；Copio o texto.；
registar；登記/記錄；v. t.；Registo a informação.；
anotar；記下；v. t.；Anoto o número.；
apontar；指出/寫下；v. t.；Aponto o erro.；
riscar；劃掉；v. t.；Risco a palavra errada.；
assinalar；標示；v. t.；Assinalo a data no calendário.；
marcar；標記；v. t.；Marco o lugar.；
sublinhar；劃線；v. t.；Sublinho as palavras importantes.；
destacar；強調/突出；v. t.；Destaco a ideia principal.；
enumerar；列舉；v. t.；Enumero os pontos.；
listar；列出；v. t.；Listo os ingredientes.；
agrupar；分組；v. t.；Agrupo os alunos.；
reunir；集合/收集；v. t.；Reúno a família.；
juntar；加入/結合；v. t.；Junta a farinha com a água.；
separar；分離；v. t.；Separo o lixo para reciclar.；
classificar；分類；v. t.；Classifico os documentos.；
catalogar；編目；v. t.；Catalogo os livros.；
arquivar；歸檔；v. t.；Arquivo os processos.；
digitalizar；數位化；v. t.；Digitalizo as fotos.；
imprimir；列印；v. t.；Imprimo o documento.；
fotocopiar；影印；v. t.；Fotocopio a página.；
escaneiar；掃描；v. t.；Escaneio o bilhete.；
gravar；錄製/刻錄；v. t.；Gravo a reunião.；
filmar；拍攝；v. t.；Filmo o passeio.；
fotografar；拍照；v. t.；Fotografo a paisagem.；
pintar；畫/油漆；v. t.；Pinto o quadro.；
desenhar；畫畫；v. t.；Desenho uma flor.；
colorir；著色；v. t.；Coloro o desenho.；
rabiscar；亂畫；v. t.；A criança rabisca o papel.；
escrever；寫；v. t.；Escrevo uma carta.；
redigir；撰寫；v. t.；Redijo o relatório.；
assinar；簽署；v. t.；Assino o contrato.；
datilografar；打字；v. t.；Datilografo o texto.；
editar；編輯；v. t.；Edito o documento.；
revisar；校對；v. t.；Reviso o texto.；
corrigir；改正；v. t.；Corrijo a ortografia.；
publicar；出版/發布；v. t.；Publico o artigo.；
divulgar；傳播；v. t.；Divulgo a notícia.；
anunciar；宣布；v. t.；Anuncio a novidade.；
comunicar；溝通；v. t.；Comunico a decisão.；
informar；通知；v. t.；Informo os colegas.；
notificar；正式通知；v. t.；Notifico o cliente.；
alertar；警報/提醒；v. t.；Alerto para o perigo.；
advertir；警告；v. t.；Adviro o aluno.；
avisar；通知/警告；v. t.；Aviso a equipa.；
prevenir；預防；v. t.；Previno doenças.；
evitar；避免；v. t.；Evito o trânsito.；
impedir；阻止；v. t.；Impedimos a saída.；
proibir；禁止；v. t.；Proíbem fumar.；
permitir；允許；v. t.；Permito a entrada.；
autorizar；授權；v. t.；Autorizo o pagamento.；
consentir；同意；v. i.；Consinto na viagem.；consentir em
aceitar；接受；v. t.；Aceito as condições.；
rejeitar；拒絕；v. t.；Rejeito a proposta.；
recusar；拒絕；v. t.；Recuso o convite.；
escolher；選擇；v. t.；Escolho a profissão.；
selecionar；挑選；v. t.；Selecciono os candidatos.；
optar；選擇(選項)；v. i.；Opto por ficar.；optar por
decidir；決定；v. t.；Decido viajar.；
determinar；確定；v. t.；Determino a data.；
fixar；固定/確定；v. t.；Fixo o preço.；
estabelecer；建立；v. t.；Estabeleço metas.；
realizar；實現/進行；v. t.；Realizo o sonho.；
efetuar；實行；v. t.；Efetuo o pagamento.；
executar；執行；v. t.；Executo a tarefa.；
cumprir；履行；v. t.；Cumpro a promessa.；
obedecer；服從；v. i.；Obedeço às regras.；obedecer a
respeitar；尊重；v. t.；Respeito os outros.；
violar；違反；v. t.；Violam a lei.；
infringir；違犯；v. t.；Infringem as normas.；
cumprimentar；打招呼；v. t.；Cumprimento o vizinho.；
saudar；致敬；v. t.；Saúdo o público.；
homenagear；致敬/紀念；v. t.；Homenageamos o professor.；
celebrar；慶祝；v. t.；Celebramos o Natal.；
comemorar；紀念；v. t.；Comemoramos o aniversário.；
festejar；歡慶；v. t.；Festejamos a vitória.；
brindar；乾杯；v. i.；Brindo à saúde.；brindar a
dançar；跳舞；v. i.；Dançamos na festa.；
cantar；唱歌；v. t.；Cantamos o hino.；
actuar；表演/行動；v. i.；Actuamos no teatro.；
ensaiar；排練；v. t.；Ensaio a peça.；
representar；扮演/代表；v. t.；Represento o papel.；
interpretar；詮釋/表演；v. t.；Interpreto a canção.；
ouvir；聽；v. t.；Ouço rádio.；
escuchar；聆聽；v. t.；Escuto com atenção.；
aplaudir；鼓掌；v. t.；Aplaudimos o espectáculo.；
assistir；觀看；v. i.；Assistimos ao filme.；assistir a
ver；看；v. t.；Vemos televisão.；
olhar；看；v. i.；Olho para o horizonte.；olhar para
observar；觀察；v. t.；Observo as estrelas.；
contemplar；凝視；v. t.；Contemplo a paisagem.；
admirar；欣賞；v. t.；Admiro a obra de arte.；
apreciar；欣賞/品味；v. t.；Aprecio a música.；
degustar；品嚐；v. t.；Degusto o vinho.；
saborear；品味；v. t.；Saboreio a comida.；
cheirar；聞；v. t.；Cheiro a flor.；
sentir；感覺/嗅到；v. t.；Sinto o cheiro do mar.；
provar；嚐/證明；v. t.；Provo a sopa.；
tocar；觸摸/演奏；v. t.；Toco a guitarra.；
apalpar；摸；v. t.；Apalpo o tecido.；
mexer；移動/動；v. t.；Meço a mesa.；
remexer；翻動；v. t.；Remexo a gaveta.；
abanar；搖動；v. t.；Abano a garrafa.；
agitar；攪拌/搖動；v. t.；Agito o frasco.；
sacudir；抖動；v. t.；Sacudo o tapete.；
bater；打/敲；v. t.；Bato à porta.；
golpear；打擊；v. t.；Golpeiam a bola.；
chutar；踢；v. t.；Chuto a bola.；
morder；咬；v. t.；O cão morde.；
mastigar；咀嚼；v. t.；Mastigo bem a comida.；
engolir；吞嚥；v. t.；Engulo o comprimido.；
beber；喝；v. t.；Bebo água.；
comer；吃；v. t.；Como fruta.；
alimentar；餵養；v. t.；Alimento o bebé.；
nutrir；滋養；v. t.；Nutro o corpo.；
cozinhar；烹飪；v. t.；Cozinho o jantar.；
grelhar；烤(網架)；v. t.；Grelho a carne.；
assar；烤(烤箱)；v. t.；Asso o frango.；
cozer；煮；v. t.；Cozo os ovos.；
estufar；燉；v. t.；Estufo a carne.；
gratinar；焗烤；v. t.；Gratino o bacalhau.；
temperar；調味；v. t.；Tempero a salada.；
salgar；加鹽；v. t.；Salgo a sopa.；
adoçar；加糖；v. t.；Adoço o café.；
servir；服務/上菜；v. t.；Sirvo o jantar.；
empratar；盛盤；v. t.；Emprato a refeição.；
dividir；分；v. t.；Divido a sobremesa.；
repartir；分配；v. t.；Reparto os doces.；
distribuir；分發；v. t.；Distribuo as folhas.；
convidar；邀請；v. t.；Convido os amigos.；convidar para
receber；接待/收到；v. t.；Recebo os convidados.；
visitar；拜訪；v. t.；Visito a família.；
levar；帶去/花費；v. t.；Levo o bolo para a festa.；
trazer；帶來；v. t.；Trago vinho.；
buscar；取/接；v. t.；Busco a encomenda.；
procurar；尋找；v. t.；Procuro a chave.；procurar por
achar；找到/認為；v. t.；Acho o livro.；
encontrar；找到/遇見；v. t.；Encontro o caminho.；
perder；失去/迷路；v. t.；Perco-me na cidade.；perder-se em
localizar；定位；v. t.；Localizo o restaurante.；
situar；位於；v. r.；A escola situa-se no centro.；situar-se em
encontrar-se；位於/相遇；v. r.；Encontro-me com os amigos.；encontrar-se com
despedir；告別；v. r.；Despeço-me da família.；despedir-se de
viajar；旅行；v. i.；Viajo pela Europa.；
aventurar；冒險；v. r.；Aventuro-me na floresta.；aventurar-se em
pernoitar；過夜；v. i.；Pernoito no hotel.；
acampar；露營；v. i.；Acampamos na praia.；
reservar；預訂；v. t.；Reservo o quarto.；
alugar；租賃；v. t.；Alugo uma casa.；
arrendar；租(房子)；v. t.；Arrendo um apartamento.；
emprestar；借出；v. t.；Empresto o carro.；
devolver；歸還；v. t.；Devolvo o livro.；
emigrar；移民；v. i.；Emigro para outro país.；
imigrar；遷入；v. i.；Imigram para Portugal.；
instalar；安裝/定居；v. r.；Instalo-me na nova casa.；instalar-se em
estabelecer；建立/定居；v. r.；Estabeleço-me na cidade.；estabelecer-se em
fixar；固定/定居；v. r.；Fixo-me em Lisboa.；fixar-se em
hospedar；住宿/招待；v. r.；Hospedo-me no hotel.；hospedar-se em